use CampusLands_ERP;

INSERT INTO Tipo_Estado (estado) VALUES 
    ('En proceso de ingreso'),
    ('Inscrito'),
    ('Desaprobado'),
    ('Aprobado'),
    ('Cursando'),
    ('Graduado'),
    ('Expulsado'),
    ('Retirado'),
    ('Activo'),
    ('Inactivo'),
    ('Pendiente'),
    ('Confirmada'),
    ('Cancelada');
    
INSERT INTO Campers (nombre1, nombre2, apellido1, apellido2, fecha_Nacimiento, direccion, acudiente, telefono, sexo, nivel_Riesgo, id_estado) 
VALUES
    ('Juan', 'Carlos', 'Pérez', 'Gómez', '2005-03-25', 'Calle 45 #12-34, Cabecera', 'María Gómez', '3001234567', 'M', 'Bajo', 2),
    ('Ana', 'María', 'Rodríguez', 'Sánchez', '2004-05-15', 'Carrera 9 #5-67, Centro', 'Carlos Sánchez', '3107654321', 'F', 'Medio', 4),
    ('Pedro', 'José', 'Martínez', 'Fernández', '2006-07-20', 'Avenida 12 #23-56, La Concordia', 'Lina Martínez', '3209876543', 'M', 'Bajo', 3),
    ('Luisa', 'Fernanda', 'Gómez', 'López', '2005-02-13', 'Calle 28 #15-89, Provenza', 'Ricardo López', '3141122334', 'F', 'Alto', 6),
    ('Carlos', 'Eduardo', 'Hernández', 'Díaz', '2003-11-02', 'Calle 17 #50-23, Nápoles', 'Patricia Díaz', '3004433221', 'M', 'Bajo', 1),
    ('Isabella', 'Paola', 'Martínez', 'Gutiérrez', '2002-08-28', 'Calle 4 #33-11, Cañaveral', 'Eduardo Gutiérrez', '3112233445', 'F', 'Medio', 2),
    ('David', 'Alejandro', 'Ramírez', 'Castro', '2001-12-11', 'Carrera 6 #12-10, Bucarica', 'Elena Castro', '3135678901', 'M', 'Bajo', 5),
    ('María', 'José', 'Serrano', 'Torres', '2006-01-22', 'Avenida 15 #23-45, La Victoria', 'Antonio Torres', '3126789012', 'F', 'Medio', 7),
    ('Miguel', 'Ángel', 'Díaz', 'Suárez', '2000-06-30', 'Calle 21 #45-67, San Alonso', 'Estela Suárez', '3139081726', 'M', 'Bajo', 8),
    ('Paola', 'Andrea', 'Ríos', 'Castillo', '2003-09-14', 'Carrera 11 #34-12, El Bosque', 'Juan Castillo', '3206782345', 'F', 'Medio', 3),
    ('Laura', 'Beatriz', 'Vega', 'Jiménez', '2004-04-18', 'Calle 29 #12-50, Girón', 'Fernando Jiménez', '3152345678', 'F', 'Alto', 9),
    ('Tomás', 'Emilio', 'Sánchez', 'Mora', '2002-03-05', 'Avenida 11 #67-20, El Prado', 'Diana Mora', '3123456789', 'M', 'Bajo', 10),
    ('Valentina', 'Andrea', 'Martínez', 'Moreno', '2005-10-08', 'Calle 14 #8-30, San Martín', 'Andrés Moreno', '3198765432', 'F', 'Medio', 4),
    ('Felipe', 'Luis', 'Hernández', 'Castro', '2003-07-12', 'Carrera 8 #20-60, El Retiro', 'Marta Castro', '3104536789', 'M', 'Alto', 6),
    ('Emma', 'Catalina', 'González', 'Ramírez', '2001-05-19', 'Calle 6 #12-34, La Joya', 'José Ramírez', '3134567890', 'F', 'Bajo', 2),
    ('Ricardo', 'Enrique', 'Jaramillo', 'Paredes', '2000-09-22', 'Calle 3 #21-45, Los Colorados', 'Margarita Paredes', '3119876543', 'M', 'Medio', 5),
    ('Sofía', 'Verónica', 'Jiménez', 'Serrano', '2004-10-02', 'Avenida 5 #15-30, La Esperanza', 'Felipe Serrano', '3141122334', 'F', 'Bajo', 7),
    ('Oscar', 'Raúl', 'Ramírez', 'Hernández', '2006-04-15', 'Carrera 7 #3-10, El Valle', 'Hilda Hernández', '3133456789', 'M', 'Medio', 8),
    ('Daniela', 'Verónica', 'García', 'Ríos', '2002-11-05', 'Calle 13 #25-10, La Inmaculada', 'Juan Ríos', '3192233445', 'F', 'Alto', 1),
    ('Juan', 'Pablo', 'Serrano', 'Alvarez', '2000-02-14', 'Avenida 8 #34-60, Los Rosales', 'Carlos Alvarez', '3003456789', 'M', 'Medio', 9),
    ('Catalina', 'Paola', 'Castro', 'López', '2003-06-03', 'Calle 12 #16-45, Antonia Santos', 'Ricardo López', '3136789012', 'F', 'Bajo', 2),
    ('Simón', 'José', 'Torres', 'Martínez', '2001-12-25', 'Carrera 5 #8-32, San Francisco', 'Mariana Martínez', '3123456789', 'M', 'Medio', 4),
    ('Valeria', 'Isabela', 'Moreno', 'González', '2004-02-10', 'Avenida 10 #15-40, El Canelo', 'Felipe González', '3198765432', 'F', 'Bajo', 3),
    ('Esteban', 'Luis', 'Gutiérrez', 'Vega', '2006-07-09', 'Calle 5 #23-11, San Pedro', 'Andrea Vega', '3142345678', 'M', 'Medio', 5),
    ('Lucía', 'Fernanda', 'Castro', 'Serrano', '2003-03-18', 'Carrera 2 #10-20, La Sierra', 'Carlos Serrano', '3201234567', 'F', 'Bajo', 8),
    ('Alejandro', 'Pablo', 'Ríos', 'Torres', '2005-08-01', 'Calle 19 #7-90, Los Andes', 'Laura Torres', '3007654321', 'M', 'Alto', 7),
    ('Santiago', 'Martín', 'Vega', 'Mora', '2007-01-18', 'Calle 10 #14-25, El Callejón', 'Carlos Mora', '3198765432', 'M', 'Bajo', 6),
    ('Margarita', 'Ana', 'González', 'Suárez', '2005-11-30', 'Carrera 3 #17-60, La Floresta', 'Carlos Ramírez', '3198765432', 'F', 'Medio', 7),
    ('Iván', 'Ricardo', 'Rodríguez', 'Serrano', '2003-06-22', 'Calle 8 #9-60, Conjunto Residencial Los Naranjos', 'Patricia Serrano', '3001234567', 'M', 'Alto', 2),
    ('Juliana', 'Andrea', 'Moreno', 'Gutiérrez', '2004-09-10', 'Carrera 10 #16-11, El Jardín', 'Luis Gutiérrez', '3123456789', 'F', 'Bajo', 10),
    ('Antonio', 'Emilio', 'Pérez', 'Díaz', '2006-07-19', 'Avenida 7 #22-34, Niza', 'Andrea Díaz', '3198765432', 'M', 'Bajo', 1),
    ('Carmen', 'Isabel', 'Hernández', 'Paredes', '2001-05-23', 'Calle 2 #14-70, San Luis', 'Antonio Paredes', '3103456789', 'F', 'Medio', 5),
    ('Felipe', 'José', 'González', 'Ramírez', '2002-11-30', 'Carrera 3 #17-60, Alhambra', 'Carlos Ramírez', '3198765432', 'M', 'Medio', 7),
    ('Estefanía', 'Verónica', 'Suárez', 'Castro', '2006-09-16', 'Avenida 6 #21-25, El Cortijo', 'Fernando Castro', '3007654321', 'F', 'Bajo', 2),
    ('Lucía', 'Mariana', 'Moreno', 'Paredes', '2004-05-25', 'Calle 4 #33-11, La Castellana', 'Marta Paredes', '3192345678', 'F', 'Medio', 3),
    ('Luis', 'Fernando', 'Ríos', 'González', '2005-09-03', 'Calle 6 #12-23, La Feria', 'Ricardo González', '3196789012', 'M', 'Bajo', 8),
    ('José', 'Carlos', 'Pérez', 'Moreno', '2003-12-01', 'Avenida 3 #10-22, El Rosal', 'Elena Moreno', '3001234567', 'M', 'Medio', 5),
    ('Gonzalo', 'Andrés', 'Díaz', 'Suárez', '2001-04-25', 'Calle 10 #18-45, Cañaveral', 'Laura Suárez', '3107654321', 'M', 'Bajo', 4),
    ('Alejandra', 'María', 'Torres', 'Serrano', '2006-11-22', 'Carrera 5 #12-30, Los Naranjos', 'Carlos Torres', '3112233445', 'F', 'Medio', 9),
    ('Sara', 'Verónica', 'Martínez', 'Jiménez', '2005-08-10', 'Calle 20 #4-30, La Pradera', 'Felipe Jiménez', '3145678901', 'F', 'Bajo', 6);


INSERT INTO Componentes_Modulos (componentes, descripcion, nivel_complejidad) VALUES
    ('PSeInt, Python, Java', 'Lenguajes para introducir los fundamentos de la programación y algoritmia', 'Bajo'),
    ('HTML, CSS, JavaScript', 'Tecnologías básicas para desarrollar páginas web frontend', 'Bajo'),
    ('NodeJS, Express, MongoDB', 'Tecnologías para el desarrollo backend de aplicaciones web', 'Medio'),
    ('Java, C#, Python', 'Lenguajes para aprender programación orientada a objetos', 'Medio'),
    ('React, NodeJS, MongoDB', 'Tecnologías Full Stack para desarrollo de aplicaciones web interactivas', 'Alto'),
    ('Python, Django, HTML', 'Tecnologías para el desarrollo de aplicaciones web con el framework Django', 'Alto'),
    ('Dart, Flutter, Firebase', 'Lenguajes y tecnologías para el desarrollo de aplicaciones móviles con Flutter', 'Alto'),
    ('Java, Spring Boot, MySQL', 'Tecnologías para el desarrollo backend con Spring Boot y bases de datos MySQL', 'Alto'),
    ('JavaScript, HTML, CSS', 'Lenguajes fundamentales para el desarrollo web frontend', 'Bajo'),
    ('C#, .NET, SQL', 'Tecnologías para el desarrollo de aplicaciones backend con C# y .NET', 'Medio'),
    ('SQL, MySQL, PHP', 'Lenguajes para desarrollo de bases de datos y aplicaciones web con PHP', 'Medio'),
    ('NodeJS, Express, MongoDB', 'Tecnologías para crear APIs RESTful usando Node.js', 'Alto'),
    ('React, JavaScript, NodeJS', 'Tecnologías para el desarrollo de aplicaciones web Full Stack con React y NodeJS', 'Alto'),
    ('C#, Unity, JavaScript', 'Tecnologías para el desarrollo de videojuegos con Unity y C#', 'Alto'),
    ('Python, NodeJS, AWS Lambda', 'Lenguajes para el desarrollo de aplicaciones en la nube con AWS Lambda', 'Alto'),
    ('Ruby, Ruby on Rails, JavaScript', 'Tecnologías para el desarrollo web con Ruby on Rails', 'Alto'),
    ('Swift, Objective-C, JavaScript', 'Lenguajes utilizados en el desarrollo de aplicaciones móviles para iOS', 'Alto'),
    ('Python, TensorFlow, scikit-learn', 'Tecnologías para introducir el Machine Learning con Python', 'Alto'),
    ('Angular, TypeScript, HTML', 'Tecnologías para desarrollar aplicaciones web frontend usando Angular y TypeScript', 'Alto'),
    ('Kotlin, Java, XML', 'Lenguajes para el desarrollo de aplicaciones móviles para Android', 'Alto'),
    ('C#, .NET Core, SQL', 'Tecnologías para el desarrollo de aplicaciones backend con C# y .NET Core', 'Alto'),
    ('PHP, MySQL, JavaScript', 'Tecnologías para desarrollar aplicaciones web dinámicas usando PHP y MySQL', 'Bajo'),
    ('Go, PostgreSQL, HTML', 'Tecnologías para el desarrollo de aplicaciones backend con Go y bases de datos PostgreSQL', 'Alto'),
    ('Scala, Java, Akka', 'Lenguajes para aprender programación funcional con Scala y Akka', 'Alto'),
    ('Vue.js, JavaScript, HTML', 'Tecnologías para el desarrollo de aplicaciones frontend con Vue.js', 'Alto'),
    ('React Native, JavaScript, Firebase', 'Tecnologías para el desarrollo de aplicaciones móviles usando React Native', 'Alto'),
    ('PHP, Laravel, MySQL', 'Tecnologías para el desarrollo backend con PHP y Laravel', 'Medio'),
    ('Python, Pandas, NumPy', 'Lenguajes y bibliotecas para Data Science y análisis de datos con Python', 'Alto'),
    ('Python, Flask, PostgreSQL', 'Tecnologías para el desarrollo backend con Flask y PostgreSQL', 'Medio'),
    ('Python, Google Cloud Functions, NodeJS', 'Lenguajes y plataformas para el desarrollo en la nube con Google Cloud', 'Alto'),
    ('Java, Spring Boot, MySQL', 'Tecnologías para desarrollar aplicaciones backend con Spring Boot y MySQL', 'Alto'),
    ('Solidity, JavaScript, NodeJS', 'Tecnologías para el desarrollo de aplicaciones blockchain con Solidity', 'Alto'),
    ('SASS, Bootstrap, HTML', 'Tecnologías para crear interfaces web responsivas con SASS y Bootstrap', 'Alto'),
    ('Java, Spring Boot, Docker', 'Tecnologías para el desarrollo de microservicios usando Spring Boot y Docker', 'Alto'),
    ('Python, SQL, Pandas', 'Tecnologías para Data Engineering y procesamiento de datos con Python y SQL', 'Alto'),
    ('JavaScript, NodeJS, MongoDB', 'Tecnologías para el desarrollo backend y gestión de bases de datos con MongoDB', 'Medio'),
    ('React, JavaScript, Redux', 'Tecnologías para gestionar el estado de aplicaciones web con React y Redux', 'Alto'),
    ('TypeScript, JavaScript, NodeJS', 'Lenguajes para el desarrollo backend y frontend con TypeScript y NodeJS', 'Alto'),
    ('Python, Flask, SQL', 'Tecnologías para el desarrollo backend y gestión de bases de datos con Flask y SQL', 'Medio'),
    ('Elixir, Phoenix, JavaScript', 'Lenguajes para el desarrollo de aplicaciones web con Elixir y Phoenix', 'Alto'),
    ('C++, OpenGL, GLSL', 'Lenguajes para el desarrollo de aplicaciones gráficas y videojuegos con C++', 'Alto'),
    ('Python, Django, REST APIs', 'Tecnologías para crear aplicaciones web con Django y APIs RESTful', 'Alto'),
    ('R, SQL, Python', 'Lenguajes para el análisis de datos y Data Science usando R y Python', 'Alto'),
    ('Flask, Python, MySQL', 'Tecnologías para el desarrollo de APIs con Flask y bases de datos MySQL', 'Medio'),
    ('Python, Azure Functions, SQL', 'Tecnologías para el desarrollo en la nube con Azure y SQL', 'Alto');

    
INSERT INTO Modulos (nombre, Horas_totales, id_componentes, id_estado) VALUES
    ('Fundamentos de Programación', 120, 1, 1),
    ('Desarrollo Web Frontend', 100, 2, 1),
    ('Desarrollo Web Backend', 150, 3, 1),
    ('Programación Orientada a Objetos con Java', 130, 4, 1),
    ('Programación Full Stack', 160, 5, 1),
    ('Desarrollo de Aplicaciones Web con Django', 140, 6, 1),
    ('Programación para Aplicaciones Móviles con Flutter', 150, 7, 1),
    ('Desarrollo Backend con Spring Boot', 160, 8, 1),
    ('Desarrollo con JavaScript (Frontend)', 120, 9, 1),
    ('Desarrollo con C# y .NET', 150, 10, 1),
    ('Bases de Datos con MySQL', 100, 11, 1),
    ('Desarrollo de APIs RESTful con Node.js', 130, 12, 1),
    ('Desarrollo de Web Apps con React', 140, 13, 1),
    ('Programación de Videojuegos con C#', 180, 14, 1),
    ('Desarrollo en la Nube con AWS', 160, 15, 1),
    ('Desarrollo con Ruby on Rails', 120, 16, 1),
    ('Programación con Swift para iOS', 140, 17, 1),
    ('Introducción al Machine Learning', 150, 18, 1),
    ('Desarrollo de Frontend con Angular', 120, 19, 1),
    ('Programación con Kotlin para Android', 130, 20, 1),
    ('Desarrollo Backend con .NET Core', 150, 21, 1),
    ('Desarrollo Web con PHP', 120, 22, 1),
    ('Desarrollo con Go', 140, 23, 1),
    ('Programación Funcional con Scala', 130, 24, 1),
    ('Desarrollo Web con Vue.js', 120, 25, 1),
    ('Desarrollo de Aplicaciones con React Native', 150, 26, 1),
    ('Desarrollo Web con Laravel', 140, 27, 1),
    ('Data Science con Python', 160, 28, 1),
    ('Desarrollo Backend con Flask', 130, 29, 1),
    ('Desarrollo en la Nube con Google Cloud', 150, 30, 1),
    ('Desarrollo de APIs con Java y Spring Boot', 160, 31, 1),
    ('Blockchain con Solidity', 140, 32, 1),
    ('Desarrollo Web con SASS y Bootstrap', 120, 33, 1),
    ('Desarrollo de Microservicios con Spring Boot', 180, 34, 1),
    ('Data Engineering con Python y SQL', 160, 35, 1),
    ('Desarrollo Backend con Express.js', 130, 36, 1),
    ('Desarrollo con React y Redux', 140, 37, 1),
    ('Programación con TypeScript', 120, 38, 1),
    ('Desarrollo de Aplicaciones con Flask y SQL', 130, 39, 1),
    ('Desarrollo con Elixir y Phoenix', 140, 40, 1),
    ('Desarrollo con C++ y OpenGL', 160, 41, 1),
    ('Desarrollo de Aplicaciones con Django Rest Framework', 150, 42, 1),
    ('Programación con R para Data Science', 120, 43, 1),
    ('Desarrollo de APIs con Flask y Python', 130, 44, 1),
    ('Desarrollo en la Nube con Azure', 150, 45, 1),
    ('Fundamentos de programación', 120, 1, 1),
    ('Programación Web', 100, 2, 1),
    ('Programación formal', 150, 3, 1),
    ('Bases de datos', 180, 4, 1),
    ('Backend', 160, 5, 1);

INSERT INTO Ruta (nombre, fecha_inicio, fecha_fin, id_modulo)VALUES
    ('Iniciación en Programación', '2024-01-01', '2024-06-01', 1),
    ('Frontend para la Web', '2024-01-15', '2024-07-01', 2),
    ('Backend para Desarrolladores', '2024-02-01', '2024-08-01', 3),
    ('Fundamentos de la Programación Orientada a Objetos', '2024-02-10', '2024-07-10', 4),
    ('Desarrollo Full Stack', '2024-03-01', '2024-09-01', 5),
    ('Creación de Apps Web con Django', '2024-03-15', '2024-09-15', 6),
    ('Aplicaciones Móviles con Flutter', '2024-04-01', '2024-10-01', 7),
    ('Desarrollo Backend en Java con Spring', '2024-04-10', '2024-10-10', 8),
    ('Desarrollo Web con JavaScript', '2024-04-20', '2024-10-20', 9),
    ('C# y .NET para Desarrollo Web', '2024-05-01', '2024-11-01', 10),
    ('Gestión de Bases de Datos con MySQL', '2024-05-10', '2024-11-10', 11),
    ('Creación de APIs REST con Node.js', '2024-05-20', '2024-11-20', 12),
    ('Desarrollo de Aplicaciones con React', '2024-06-01', '2024-12-01', 13),
    ('Creación de Videojuegos con C#', '2024-06-10', '2024-12-10', 14),
    ('Servicios en la Nube con AWS', '2024-06-15', '2024-12-15', 15),
    ('Desarrollo con Ruby on Rails', '2024-07-01', '2025-01-01', 16),
    ('Desarrollo iOS con Swift', '2024-07-05', '2025-01-05', 17),
    ('Introducción al Machine Learning', '2024-07-10', '2025-01-10', 18),
    ('Desarrollo Frontend con Angular', '2024-07-20', '2025-01-20', 19),
    ('Desarrollo Android con Kotlin', '2024-07-25', '2025-01-25', 20),
    ('Backend con .NET Core', '2024-08-01', '2025-02-01', 21),
    ('Desarrollo Web con PHP', '2024-08-10', '2025-02-10', 22),
    ('Desarrollo con Go', '2024-08-15', '2025-02-15', 23),
    ('Programación Funcional en Scala', '2024-08-20', '2025-02-20', 24),
    ('Desarrollo con Vue.js', '2024-09-01', '2025-03-01', 25),
    ('Aplicaciones con React Native', '2024-09-05', '2025-03-05', 26),
    ('Desarrollo Web con Laravel', '2024-09-10', '2025-03-10', 27),
    ('Ciencia de Datos con Python', '2024-09-15', '2025-03-15', 28),
    ('Backend con Flask', '2024-09-20', '2025-03-20', 29),
    ('Desarrollo en la Nube con Google Cloud', '2024-10-01', '2025-04-01', 30),
    ('Desarrollo de APIs con Spring Boot', '2024-10-10', '2025-04-10', 31),
    ('Desarrollo Blockchain con Solidity', '2024-10-15', '2025-04-15', 32),
    ('Desarrollo Web con SASS y Bootstrap', '2024-10-20', '2025-04-20', 33),
    ('Microservicios con Spring Boot', '2024-11-01', '2025-05-01', 34),
    ('Ingeniería de Datos con Python', '2024-11-05', '2025-05-05', 35),
    ('Backend con Express.js', '2024-11-10', '2025-05-10', 36),
    ('Desarrollo con React y Redux', '2024-11-15', '2025-05-15', 37),
    ('Programación con TypeScript', '2024-11-20', '2025-05-20', 38),
    ('Desarrollo de Apps con Flask y SQL', '2024-12-01', '2025-06-01', 39),
    ('Desarrollo con Elixir y Phoenix', '2024-12-05', '2025-06-05', 40),
    ('Desarrollo con C++ y OpenGL', '2024-12-10', '2025-06-10', 41),
    ('Aplicaciones con Django Rest Framework', '2024-12-15', '2025-06-15', 42),
    ('Programación con R para Data Science', '2024-12-20', '2025-06-20', 43),
    ('APIs con Flask y Python', '2024-12-25', '2025-06-25', 44),
    ('Desarrollo en la Nube con Azure', '2025-01-01', '2025-07-01', 45);

    INSERT INTO Inscripcion_camper_rutas(id_camper, fecha_Inscripcion, id_ruta, fecha_inicio, fecha_estimada_fin, id_estado)VALUES
    (1, '2024-01-15', 6, '2024-02-01', '2024-06-01', 8),
    (2, '2024-01-17', 13, '2024-02-01', '2024-06-01', 8),
    (3, '2024-01-20', 3, '2024-02-01', '2024-07-01', 8),
    (4, '2024-02-05', 24, '2024-02-10', '2024-08-01', 8),
    (5, '2024-02-10', 2, '2024-03-01', '2024-08-01', 8),
    (6, '2024-02-15', 17, '2024-03-01', '2024-09-01', 8),
    (7, '2024-02-18', 35, '2024-03-15', '2024-09-15', 8),
    (8, '2024-03-01', 6, '2024-04-01', '2024-10-01', 8),
    (9, '2024-03-05', 2, '2024-04-01', '2024-10-01', 8),
    (10, '2024-03-10', 12, '2024-04-10', '2024-10-10', 8),
    (11, '2024-03-15', 8, '2024-04-15', '2024-10-15', 8),
    (12, '2024-03-20', 42, '2024-04-20', '2024-10-20', 8),
    (13, '2024-03-25', 28, '2024-05-01', '2024-11-01', 8),
    (14, '2024-03-30', 15, '2024-05-01', '2024-11-01', 8),
    (15, '2024-04-01', 33, '2024-05-01', '2024-11-01', 8),
    (16, '2024-04-05', 12, '2024-05-15', '2024-11-15', 8),
    (17, '2024-04-10', 7, '2024-06-01', '2024-12-01', 8),
    (18, '2024-04-12', 21, '2024-06-01', '2024-12-01', 8),
    (19, '2024-04-15', 38, '2024-06-01', '2024-12-01', 8),
    (20, '2024-04-20', 13, '2024-06-10', '2024-12-10', 8),
    (21, '2024-04-25', 44, '2024-06-15', '2024-12-15', 8),
    (22, '2024-05-01', 30, '2024-07-01', '2025-01-01', 8),
    (23, '2024-05-05', 11, '2024-07-01', '2025-01-01', 8),
    (24, '2024-05-10', 5, '2024-07-10', '2025-01-10', 8),
    (25, '2024-05-15', 40, '2024-07-15', '2025-01-15', 8),
    (26, '2024-05-20', 22, '2024-08-01', '2025-02-01', 8),
    (27, '2024-05-25', 19, '2024-08-01', '2025-02-01', 8),
    (28, '2024-06-01', 34, '2024-08-01', '2025-02-01', 8),
    (29, '2024-06-05', 9, '2024-08-10', '2025-02-10', 8),
    (30, '2024-06-10', 16, '2024-09-01', '2025-03-01', 8),
    (31, '2024-06-15', 18, '2024-09-01', '2025-03-01', 8),
    (32, '2024-06-20', 26, '2024-09-01', '2025-03-01', 8),
    (33, '2024-06-25', 4, '2024-09-10', '2025-03-10', 8),
    (34, '2024-07-01', 41, '2024-10-01', '2025-04-01', 8),
    (35, '2024-07-05', 3, '2024-10-01', '2025-04-01', 8),
    (36, '2024-07-10', 18, '2024-10-01', '2025-04-01', 8),
    (37, '2024-07-15', 7, '2024-10-10', '2025-04-10', 8),
    (38, '2024-07-20', 2, '2024-10-15', '2025-04-15', 8),
    (39, '2024-07-25', 12, '2024-10-20', '2025-04-20', 8),
    (40, '2024-08-01', 28, '2024-11-01', '2025-05-01', 8),
    (4, '2024-08-05', 39, '2024-11-01', '2025-05-01', 8),
    (2, '2024-08-10', 43, '2024-11-01', '2025-05-01', 8),
    (23, '2024-08-15', 5, '2024-11-01', '2025-05-01', 8),
    (14, '2024-08-20', 31, '2024-11-01', '2025-05-01', 8),
    (33, '2024-08-25', 25, '2024-12-01', '2025-06-01', 8),
    (1, '2024-09-01', 27, '2024-12-01', '2025-06-01', 8),
    (22, '2024-09-05', 9, '2024-12-01', '2025-06-01', 8),
    (3, '2024-09-10', 7, '2024-12-01', '2025-06-01', 8),
    (9, '2024-09-15', 4, '2024-12-01', '2025-06-01', 8),
    (5, '2024-09-20', 20, '2024-12-01', '2025-06-01', 8);

    
INSERT INTO Salones (salon, ubicacion)VALUES
    ('Salón 101', 'Edificio A, Piso 1'),
    ('Salón 102', 'Edificio A, Piso 1'),
    ('Salón 103', 'Edificio A, Piso 1'),
    ('Salón 201', 'Edificio B, Piso 2'),
    ('Salón 202', 'Edificio B, Piso 2'),
    ('Salón 203', 'Edificio B, Piso 2'),
    ('Salón 301', 'Edificio C, Piso 3'),
    ('Salón 302', 'Edificio C, Piso 3'),
    ('Salón 303', 'Edificio C, Piso 3'),
    ('Salón 401', 'Edificio D, Piso 4');
    
INSERT INTO Trainers (nombre1, nombre2, apellido1, apellido2, fecha_Nacimiento, direccion, email, telefono, id_Ruta)VALUES
    ('Carlos', 'Andrés', 'Martínez', 'Gómez', '1985-05-15', 'Carrera 45 # 10-55, Bucaramanga', 'carlos.martinez@correo.com', '3001234567', 1),
    ('María', 'Fernanda', 'Pérez', 'López', '1990-03-22', 'Calle 72 # 14-33, Bucaramanga', 'maria.perez@correo.com', '3002345678', 2),
    ('Luis', 'Alejandro', 'Rodríguez', 'Vásquez', '1982-07-10', 'Calle 5 # 22-10, Bucaramanga', 'luis.rodriguez@correo.com', '3003456789', 3),
    ('Ana', 'Lucía', 'González', 'Mora', '1987-12-05', 'Carrera 33 # 8-14, Bucaramanga', 'ana.gonzalez@correo.com', '3004567890', 4),
    ('Pedro', 'José', 'Torres', 'Hernández', '1984-11-18', 'Carrera 30 # 5-40, Bucaramanga', 'pedro.torres@correo.com', '3005678901', 5),
    ('Claudia', 'Beatriz', 'Jiménez', 'Ruíz', '1992-04-25', 'Calle 60 # 16-45, Bucaramanga', 'claudia.jimenez@correo.com', '3006789012', 6),
    ('Javier', 'Esteban', 'López', 'Ramírez', '1988-08-30', 'Carrera 12 # 19-67, Bucaramanga', 'javier.lopez@correo.com', '3007890123', 7),
    ('Elena', 'Paola', 'Suárez', 'Méndez', '1980-01-14', 'Carrera 10 # 13-26, Bucaramanga', 'elena.suarez@correo.com', '3008901234', 8),
    ('Manuel', 'Ricardo', 'Martínez', 'Castro', '1995-06-05', 'Calle 58 # 7-29, Bucaramanga', 'manuel.martinez@correo.com', '3009012345', 9),
    ('Laura', 'Sofía', 'Morales', 'García', '1986-02-12', 'Calle 66 # 5-14, Bucaramanga', 'laura.morales@correo.com', '3000123456', 10),
    ('Carlos', 'Eduardo', 'Ramírez', 'Rodríguez', '1991-03-03', 'Carrera 11 # 24-31, Bucaramanga', 'carlos.ramirez@correo.com', '3001234567', 11),
    ('Isabel', 'María', 'Ríos', 'Vargas', '1983-07-08', 'Carrera 8 # 25-31, Bucaramanga', 'isabel.rios@correo.com', '3002345678', 12),
    ('Miguel', 'Ángel', 'Sánchez', 'López', '1990-12-30', 'Calle 45 # 18-13, Bucaramanga', 'miguel.sanchez@correo.com', '3003456789', 13),
    ('Sara', 'Cecilia', 'Alvarado', 'Bermúdez', '1982-11-22', 'Carrera 6 # 7-30, Bucaramanga', 'sara.alvarado@correo.com', '3004567890', 14),
    ('Fernando', 'Javier', 'Gómez', 'Núñez', '1987-10-10', 'Calle 32 # 14-16, Bucaramanga', 'fernando.gomez@correo.com', '3005678901', 15),
    ('Carmen', 'Esther', 'Paredes', 'Ruiz', '1984-04-25', 'Carrera 5 # 18-22, Bucaramanga', 'carmen.paredes@correo.com', '3006789012', 16),
    ('Álvaro', 'José', 'Vélez', 'Pérez', '1989-09-17', 'Calle 11 # 25-18, Bucaramanga', 'alvaro.velez@correo.com', '3007890123', 17),
    ('Marta', 'Luz', 'Castillo', 'Gutiérrez', '1993-06-20', 'Carrera 20 # 12-13, Bucaramanga', 'marta.castillo@correo.com', '3008901234', 18),
    ('David', 'Ramón', 'Herrera', 'Morales', '1994-12-01', 'Carrera 8 # 15-30, Bucaramanga', 'david.herrera@correo.com', '3009012345', 19),
    ('María', 'Luisa', 'Córdoba', 'Torres', '1981-08-14', 'Calle 22 # 10-40, Bucaramanga', 'maria.cordoba@correo.com', '3000123456', 20),
    ('Felipe', 'Antonio', 'Díaz', 'Méndez', '1990-10-01', 'Carrera 7 # 12-60, Bucaramanga', 'felipe.diaz@correo.com', '3001234567', 21),
    ('Verónica', 'María', 'Vargas', 'Fuentes', '1986-05-20', 'Carrera 4 # 6-40, Bucaramanga', 'veronica.vargas@correo.com', '3002345678', 22),
    ('Héctor', 'Manuel', 'Castaño', 'Blanco', '1988-01-25', 'Calle 3 # 22-15, Bucaramanga', 'hector.castano@correo.com', '3003456789', 23),
    ('Diana', 'Patricia', 'Moreno', 'Gil', '1992-02-18', 'Carrera 16 # 5-10, Bucaramanga', 'diana.moreno@correo.com', '3004567890', 24),
    ('Jorge', 'Luis', 'Serrano', 'Jiménez', '1983-03-22', 'Carrera 12 # 10-30, Bucaramanga', 'jorge.serrano@correo.com', '3005678901', 25),
    ('Jessica', 'Alejandra', 'Rodríguez', 'Gómez', '1995-11-08', 'Calle 40 # 17-25, Bucaramanga', 'jessica.rodriguez@correo.com', '3006789012', 26),
    ('Antonio', 'Carlos', 'Martínez', 'Álvarez', '1991-06-15', 'Carrera 9 # 8-50, Bucaramanga', 'antonio.martinez@correo.com', '3007890123', 27),
    ('Sofía', 'Valentina', 'Figueroa', 'Salazar', '1994-01-30', 'Calle 18 # 22-60, Bucaramanga', 'sofia.figueroa@correo.com', '3008901234', 28),
    ('Raúl', 'David', 'Hernández', 'Flores', '1986-10-18', 'Calle 27 # 30-10, Bucaramanga', 'raul.hernandez@correo.com', '3009012345', 29),
    ('Esteban', 'José', 'Ríos', 'Torres', '1982-07-13', 'Carrera 15 # 14-30, Bucaramanga', 'esteban.rios@correo.com', '3000123456', 30),
    ('Nicolás', 'Andrés', 'Ramírez', 'Reyes', '1990-04-05', 'Calle 50 # 3-30, Bucaramanga', 'nicolas.ramirez@correo.com', '3001234567', 31),
    ('Carmen', 'Beatriz', 'Escobar', 'Jiménez', '1993-12-03', 'Carrera 30 # 9-19, Bucaramanga', 'carmen.escobar@correo.com', '3002345678', 32),
    ('Eduardo', 'Luis', 'Pérez', 'Hernández', '1987-09-25', 'Calle 11 # 18-40, Bucaramanga', 'eduardo.perez@correo.com', '3003456789', 33),
    ('Julia', 'Marina', 'Gómez', 'Díaz', '1995-05-15', 'Carrera 10 # 22-18, Bucaramanga', 'julia.gomez@correo.com', '3004567890', 34),
    ('Tomás', 'Felipe', 'Vega', 'Mora', '1992-11-12', 'Calle 8 # 10-23, Bucaramanga', 'tomas.vega@correo.com', '3005678901', 35),
    ('Lucía', 'Paola', 'Martínez', 'Silva', '1985-03-20', 'Carrera 14 # 9-15, Bucaramanga', 'lucia.martinez@correo.com', '3006789012', 36),
    ('Roberto', 'Carlos', 'Mendoza', 'González', '1989-06-22', 'Calle 17 # 6-20, Bucaramanga', 'roberto.mendoza@correo.com', '3007890123', 37),
    ('Silvia', 'Patricia', 'Lozano', 'Serrano', '1983-08-09', 'Carrera 13 # 7-25, Bucaramanga', 'silvia.lozano@correo.com', '3008901234', 38),
    ('Carlos', 'Mauricio', 'Riviera', 'González', '1992-02-04', 'Calle 10 # 3-18, Bucaramanga', 'carlos.riviera@correo.com', '3009012345', 39),
    ('Elena', 'Ruth', 'Martínez', 'Paredes', '1980-11-05', 'Carrera 6 # 20-30, Bucaramanga', 'elena.martinez@correo.com', '3000123456', 40),
    ('José', 'Luis', 'Cortés', 'Reyes', '1991-07-30', 'Calle 25 # 10-45, Bucaramanga', 'jose.cortes@correo.com', '3001234567', 41),
    ('Marina', 'Andrea', 'Torres', 'Ríos', '1987-06-13', 'Carrera 18 # 5-22, Bucaramanga', 'marina.torres@correo.com', '3002345678', 42),
    ('Esteban', 'Francisco', 'Díaz', 'Gutiérrez', '1994-12-02', 'Calle 21 # 11-36, Bucaramanga', 'esteban.diaz@correo.com', '3003456789', 43),
    ('Catalina', 'María', 'Márquez', 'Córdoba', '1990-09-01', 'Carrera 4 # 8-15, Bucaramanga', 'catalina.marquez@correo.com', '3004567890', 44),
    ('Felipe', 'Santiago', 'Sánchez', 'Flores', '1986-02-10', 'Calle 7 # 14-23, Bucaramanga', 'felipe.sanchez@correo.com', '3005678901', 45),
    ('Joaquín', 'Antonio', 'Ávila', 'Ríos', '1989-12-12', 'Carrera 3 # 15-17, Bucaramanga', 'joaquin.avila@correo.com', '3006789012', 1),
    ('Verónica', 'Carmen', 'Quintero', 'García', '1995-04-10', 'Calle 8 # 10-50, Bucaramanga', 'veronica.quintero@correo.com', '3007890123',7),
    ('Carlos', 'David', 'Ramírez', 'Jiménez', '1993-03-03', 'Calle 4 # 13-29, Bucaramanga', 'carlos.ramirez@correo.com', '3008901234', 3),
    ('Andrea', 'Lucía', 'Méndez', 'Torres', '1982-05-21', 'Carrera 12 # 6-24, Bucaramanga', 'andrea.mendez@correo.com', '3009012345', 23),
    ('Eduardo', 'Luis', 'González', 'Martínez', '1994-01-30', 'Calle 9 # 22-15, Bucaramanga', 'eduardo.gonzalez@correo.com', '3000123456', 3);


INSERT INTO Horario (hora_inicio, hora_fin, horas_semanales, id_Ruta, id_Trainer) VALUES
    ('06:00', '10:00', 4, 1, 1),
    ('10:00', '14:00', 4, 1, 2),
    ('14:00', '18:00', 4, 1, 3),
    ('06:00', '10:00', 4, 2, 4),
    ('10:00', '14:00', 4, 2, 5),
    ('14:00', '18:00', 4, 2, 6),
    ('06:00', '10:00', 4, 3, 7),
    ('10:00', '14:00', 4, 3, 8),
    ('14:00', '18:00', 4, 3, 9),
    ('06:00', '10:00', 4, 4, 10),
    ('10:00', '14:00', 4, 4, 11),
    ('14:00', '18:00', 4, 4, 12),
    ('06:00', '10:00', 4, 5, 13),
    ('10:00', '14:00', 4, 5, 14),
    ('14:00', '18:00', 4, 5, 15),
    ('06:00', '10:00', 4, 6, 16),
    ('10:00', '14:00', 4, 6, 17),
    ('14:00', '18:00', 4, 6, 18),
    ('06:00', '10:00', 4, 7, 19),
    ('10:00', '14:00', 4, 7, 20),
    ('14:00', '18:00', 4, 7, 21),
    ('06:00', '10:00', 4, 8, 22),
    ('10:00', '14:00', 4, 8, 23),
    ('14:00', '18:00', 4, 8, 24),
    ('06:00', '10:00', 4, 9, 25),
    ('10:00', '14:00', 4, 9, 26),
    ('14:00', '18:00', 4, 9, 27),
    ('06:00', '10:00', 4, 10, 28),
    ('10:00', '14:00', 4, 10, 29),
    ('14:00', '18:00', 4, 10, 30);


INSERT INTO Areas (cantidad_campers, id_Horario, id_salon)VALUES
    (7, 1, 1), 
    (7, 2, 1), 
    (6, 3, 1),
    (7, 1, 2), 
    (7, 2, 2), 
    (6, 3, 2),
    (5, 1, 3), 
    (5, 2, 3), 
    (5, 3, 3),
    (5, 1, 4), 
    (5, 2, 4), 
    (5, 3, 4),
    (3, 1, 5), 
    (3, 2, 5), 
    (4, 3, 5),
    (3, 1, 6), 
    (3, 2, 6), 
    (4, 3, 6),
    (2, 1, 7), 
    (2, 2, 7), 
    (1, 3, 7),
    (2, 1, 8), 
    (2, 2, 8), 
    (1, 3, 8),
    (11, 1, 9), 
    (11, 2, 9), 
    (11, 3, 9),
    (11, 1, 10), 
    (11, 2, 10), 
    (11, 3, 10);

INSERT INTO Reportes (id_Ruta, fecha, cantidad_campers_aprobaron, nota_promedio, horas_utilizadas, tasa_exito) VALUES
    (1, '2025-01-10', 20, 85, 120, 0.8),
    (2, '2025-01-10', 25, 87, 100, 0.9),
    (3, '2025-01-10', 22, 82, 150, 0.75),
    (4, '2025-01-10', 18, 78, 130, 0.72),
    (5, '2025-01-10', 30, 90, 160, 1.0),
    (6, '2025-01-10', 15, 76, 140, 0.7),
    (7, '2025-01-10', 28, 88, 120, 0.93),
    (8, '2025-01-10', 20, 80, 110, 0.8),
    (9, '2025-01-10', 27, 85, 130, 0.9),
    (10, '2025-01-10', 22, 84, 140, 0.85),
    (11, '2025-01-10', 18, 79, 100, 0.76),
    (12, '2025-01-10', 24, 86, 130, 0.88),
    (13, '2025-01-10', 26, 89, 120, 0.92),
    (14, '2025-01-10', 21, 83, 150, 0.83),
    (15, '2025-01-10', 19, 80, 110, 0.78),
    (16, '2025-01-10', 30, 90, 120, 1.0),
    (17, '2025-01-10', 23, 85, 130, 0.87),
    (18, '2025-01-10', 25, 88, 100, 0.9),
    (19, '2025-01-10', 21, 84, 120, 0.88),
    (20, '2025-01-10', 27, 87, 140, 0.91),
    (21, '2025-01-10', 18, 77, 150, 0.74),
    (22, '2025-01-10', 22, 81, 110, 0.8),
    (23, '2025-01-10', 20, 82, 130, 0.79),
    (24, '2025-01-10', 19, 75, 120, 0.75),
    (25, '2025-01-10', 26, 85, 140, 0.9),
    (26, '2025-01-10', 28, 88, 150, 0.93),
    (27, '2025-01-10', 21, 80, 100, 0.78),
    (28, '2025-01-10', 18, 74, 120, 0.7),
    (29, '2025-01-10', 30, 91, 160, 1.0),
    (30, '2025-01-10', 23, 84, 130, 0.86),
    (31, '2025-01-10', 25, 86, 110, 0.88),
    (32, '2025-01-10', 20, 79, 100, 0.77),
    (33, '2025-01-10', 22, 81, 120, 0.8),
    (34, '2025-01-10', 18, 76, 140, 0.74),
    (35, '2025-01-10', 30, 90, 160, 1.0),
    (36, '2025-01-10', 19, 78, 150, 0.76),
    (37, '2025-01-10', 23, 83, 110, 0.84),
    (38, '2025-01-10', 24, 85, 120, 0.88),
    (39, '2025-01-10', 25, 86, 140, 0.89),
    (40, '2025-01-10', 21, 80, 130, 0.82),
    (41, '2025-01-10', 28, 87, 100, 0.92),
    (42, '2025-01-10', 26, 84, 120, 0.9),
    (43, '2025-01-10', 22, 83, 130, 0.88),
    (44, '2025-01-10', 19, 76, 110, 0.76),
    (45, '2025-01-10', 30, 89, 150, 0.95),
    (1, '2025-01-10', 27, 86, 140, 0.91),
    (5, '2025-01-10', 23, 82, 100, 0.83),
    (10, '2025-01-10', 20, 80, 130, 0.79),
    (29, '2025-01-10', 25, 85, 120, 0.87),
    (40, '2025-01-10', 30, 92, 160, 1.0);
    
    
INSERT INTO Evaluaciones_modulos (Nota_teorica, Nota_Practica, Nota_trabajo_quiz, Nota_final, id_modulo)
VALUES
    (70, 75, 80, 75, 1),
    (55, 60, 65, 60, 2),
    (80, 85, 90, 85, 1),
    (45, 50, 55, 50, 3),
    (85, 90, 92, 88, 1),
    (75, 80, 85, 80, 2),
    (60, 65, 70, 65, 3),
    (80, 78, 85, 81, 1),
    (55, 60, 62, 59, 2),
    (90, 95, 94, 93, 1),
    (72, 74, 68, 71, 4),
    (50, 55, 53, 53, 5),
    (65, 70, 72, 69, 1),
    (88, 85, 90, 87, 2),
    (77, 82, 75, 78, 3),
    (68, 60, 65, 64, 4),
    (92, 94, 96, 94, 5),
    (85, 89, 88, 87, 1),
    (91, 88, 90, 89, 2),
    (60, 62, 59, 60, 3),
    (78, 83, 80, 80, 4),
    (68, 72, 69, 70, 5),
    (92, 95, 98, 95, 1),
    (56, 60, 64, 60, 2),
    (88, 85, 90, 87, 3),
    (78, 76, 75, 76, 4),
    (80, 81, 85, 82, 5),
    (67, 70, 72, 70, 1),
    (92, 94, 90, 92, 2),
    (73, 74, 70, 72, 3),
    (75, 80, 78, 77, 4),
    (59, 62, 64, 61, 5),
    (80, 82, 86, 83, 1),
    (88, 90, 92, 90, 2),
    (55, 50, 52, 52, 3),
    (90, 92, 91, 91, 4),
    (80, 78, 81, 80, 5),
    (87, 85, 90, 87, 1),
    (65, 60, 62, 62, 2),
    (88, 90, 89, 89, 3),
    (70, 72, 74, 72, 4),
    (80, 82, 85, 82, 5),
    (75, 76, 77, 76, 1),
    (92, 90, 93, 91, 2),
    (55, 50, 53, 53, 3),
    (70, 72, 75, 72, 4),
    (86, 88, 85, 86, 5),
    (80, 84, 85, 83, 1),
    (60, 65, 68, 64, 2);
    
    INSERT INTO Historial_Academico (id_camper, id_Evaluaciones_modulos, id_estado)VALUES
    (1, 1, 3),
    (2, 2, 3),
    (3, 3, 4),
    (4, 4, 3),
    (5, 5, 4),
    (6, 6, 4),
    (7, 7, 3),
    (8, 8, 4),
    (9, 9, 3),
    (10, 10, 4),
    (11, 11, 4),
    (12, 12, 3),
    (13, 13, 4),
    (14, 14, 3),
    (15, 15, 4),
    (16, 16, 3),
    (17, 17, 4),
    (18, 18, 4),
    (19, 19, 4),
    (20, 20, 3),
    (21, 21, 4),
    (22, 22, 3),
    (23, 23, 4),
    (24, 24, 3),
    (25, 25, 4),
    (26, 26, 4),
    (27, 27, 3),
    (28, 28, 4),
    (29, 29, 4),
    (30, 30, 3),
    (31, 31, 4),
    (32, 32, 3),
    (33, 33, 4),
    (34, 34, 3),
    (35, 35, 4),
    (36, 36, 3),
    (37, 37, 4),
    (38, 38, 4),
    (39, 39, 3),
    (40, 40, 4),
    (4, 41, 4);


